<?xml version="1.0" encoding="UTF-8"?>
<project-private xmlns="http://www.netbeans.org/ns/project-private/1">
    <data xmlns="http://www.netbeans.org/ns/make-project-private/1">
        <activeConfTypeElem>1</activeConfTypeElem>
        <activeConfIndexElem>0</activeConfIndexElem>
    </data>
    <editor-bookmarks xmlns="http://www.netbeans.org/ns/editor-bookmarks/2" lastBookmarkId="0"/>
    <open-files xmlns="http://www.netbeans.org/ns/projectui-open-files/2">
        <group>
            <file>file:/C:/Users/dirib/OneDrive/Documents/RCC/2018%20Spring/CIS-5/LehrMark_CSC_CIS_5_Spring_2018-master/Hmwk/Assignment2/Gaddis_9thEd_Chapter3_Problem13_Currency/main.cpp</file>
        </group>
    </open-files>
</project-private>
